Sample ID,Reservoir,Site,Date,Depth_m,SO4_ugL,file name,Date run,Notes
35,BVR,50,3/5/2024,0.1,730.2483297,20250416_Anions_MP+FMI,,
32,BVR,50,3/5/2024,3,685.8518752,20250416_Anions_MP+FMI,,
24,BVR,50,3/5/2024,6,828.4334426,20250416_Anions_MP+FMI,,
49,BVR,50,3/5/2024,9,777.5245251,20250416_Anions_MP+FMI,,
39,FCR,50,3/5/2024,0.1,1279.695602,20250416_Anions_MP+FMI,,
40,FCR,50,3/5/2024,3.8,1263.750211,20250416_Anions_MP+FMI,,
17,FCR,50,3/5/2024,5,1460.013126,20250416_Anions_MP+FMI,,
51,FCR,50,3/5/2024,9,1364.920263,20250416_Anions_MP+FMI,,
80,BVR,50,4/1/2024,0.1,861.3091294,20250410_Anions_MP+FMI,,
37,BVR,50,4/1/2024,3,755.3272749,20250416_Anions_MP+FMI,,
31,BVR,50,4/1/2024,6,749.9819107,20250416_Anions_MP+FMI,,
25,BVR,50,4/1/2024,9,904.0364889,20250416_Anions_MP+FMI,,
26,FCR,50,4/1/2024,0.1,1553.873663,20250416_Anions_MP+FMI,,
18,FCR,50,4/1/2024,1.6,1533.460085,20250416_Anions_MP+FMI,,
12,FCR,50,4/1/2024,3.8,2664.27647,20250416_Anions_MP+FMI,,
38,FCR,50,4/1/2024,5,1396.818769,20250416_Anions_MP+FMI,,
62,FCR,50,4/1/2024,9,1707.108609,20250416_Anions_MP+FMI,,
20,FCR,50,3/5/2024,1.6,1419.858622,20250416_Anions_MP+FMI,,
60,BVR,50,5/13/2024,0.1,641.8411035,20250416_Anions_MP+FMI,,
19,BVR,50,5/13/2024,3,691.4297865,20250416_Anions_MP+FMI,,
28,BVR,50,5/13/2024,6,1229.139406,20250410_Anions_MP+FMI,,
11,BVR,50,5/13/2024,9,835.770102,20250416_Anions_MP+FMI,,
40,FCR,50,5/13/2024,0.1,1498.305327,20250410_Anions_MP+FMI,,
54,FCR,50,5/13/2024,1.6,1355.343218,20250416_Anions_MP+FMI,,
36,FCR,50,5/13/2024,3.8,1414.259503,20250416_Anions_MP+FMI,,
28,FCR,50,5/13/2024,5,1206.664573,20250416_Anions_MP+FMI,,
56,FCR,50,5/13/2024,9,1544.084584,20250416_Anions_MP+FMI,,
26,BVR,50,5/27/2024,0.1,538.1933606,20250408_FMI+MP_sulfate,,
49,BVR,50,5/27/2024,3,565.1068412,20250408_FMI+MP_sulfate,,
38,BVR,50,5/27/2024,6,1164.42445,20250410_Anions_MP+FMI,,
59,BVR,50,5/27/2024,9,395.9389123,20250408_FMI+MP_sulfate,,
37,BVR,50,6/3/2024,0.1,443.3506917,20250410_Anions_MP+FMI,,
50,BVR,50,6/3/2024,3,742.8720722,20250410_Anions_MP+FMI,,
61,BVR,50,6/3/2024,6,1065.318844,20250408_FMI+MP_sulfate,,
53,BVR,50,6/3/2024,9,228.6366743,20250410_Anions_MP+FMI,,
44,FCR,50,6/3/2024,0.1,1288.77124,20250408_FMI+MP_sulfate,,
17,FCR,50,6/3/2024,1.6,1269.405365,20250408_FMI+MP_sulfate,,
76,FCR,50,6/3/2024,3.8,1437.853031,20250410_Anions_MP+FMI,,
62,FCR,50,6/3/2024,5,1459.930891,20250408_FMI+MP_sulfate,,
23,FCR,50,6/3/2024,9,1564.872308,20250408_FMI+MP_sulfate,,
47,BVR,50,6/10/2024,0.1,490.5515576,20250410_Anions_MP+FMI,,
49,BVR,50,6/10/2024,3,606.4165331,20250410_Anions_MP+FMI,,
77,BVR,50,6/10/2024,6,842.9186694,20250408_FMI+MP_sulfate,,
54,BVR,50,6/10/2024,9,402.8625469,20250410_Anions_MP+FMI,,
43,FCR,50,6/10/2024,0.1,1070.39742,20250408_FMI+MP_sulfate,,
42,FCR,50,6/10/2024,1.6,1031.363115,20250408_FMI+MP_sulfate,,
75,FCR,50,6/10/2024,3.8,1318.95439,20250410_Anions_MP+FMI,,
68,FCR,50,6/10/2024,5,1456.465708,20250408_FMI+MP_sulfate,,
41,FCR,50,6/10/2024,9,1567.484042,20250408_FMI+MP_sulfate,,
65,FCR,50,6/17/2024,0.1,152.6632617,20250408_FMI+MP_sulfate,,
50,FCR,50,6/17/2024,1.6,120.2710047,20250408_FMI+MP_sulfate,,
50,FCR,50,6/17/2024,3.8,886.5051461,20250416_Anions_MP+FMI,,
28,FCR,50,6/17/2024,5,1432.078112,20250408_FMI+MP_sulfate,,
68,FCR,50,6/17/2024,9,1581.884507,20250410_Anions_MP+FMI,,
25,FCR,50,6/24/2024,0.1,230.0061717,20250410_Anions_MP+FMI,,
31,FCR,50,6/24/2024,1.6,81.02525081,20250410_Anions_MP+FMI,,
61,FCR,50,6/24/2024,5,1070.291763,20250410_Anions_MP+FMI,,
30,FCR,50,6/24/2024,9,553.1431513,20250416_Anions_MP+FMI,,
23,BVR,50,7/1/2024,0.1,379.6401293,20250410_Anions_MP+FMI,,
15,BVR,50,7/1/2024,3,562.1346489,20250410_Anions_MP+FMI,,
72,BVR,50,7/1/2024,6,200.8763839,20250410_Anions_MP+FMI,,
41,BVR,50,7/1/2024,9,158.2772489,20250416_Anions_MP+FMI,,
61,FCR,50,7/1/2024,0.1,n.a.,20250416_Anions_MP+FMI,,
12,FCR,50,7/1/2024,1.6,137.7019356,20250410_Anions_MP+FMI,,
44,FCR,50,7/1/2024,3.8,856.3127309,20250410_Anions_MP+FMI,,
19,FCR,50,7/1/2024,5,1272.302278,20250410_Anions_MP+FMI,,
42,FCR,50,7/1/2024,9,1633.182704,20250410_Anions_MP+FMI,,
59,FCR,50,7/8/2024,0.1,249.4316416,20250410_Anions_MP+FMI,,
27,FCR,50,7/8/2024,1.6,385.5506988,20250410_Anions_MP+FMI,,
41,FCR,50,7/8/2024,3.8,1345.697614,20250410_Anions_MP+FMI,,
24,FCR,50,7/8/2024,5,1261.231154,20250410_Anions_MP+FMI,,
23,FCR,50,7/8/2024,9,2476.696935,20250416_Anions_MP+FMI,,
14,BVR,50,7/15/2024,0.1,390.2120249,20250410_Anions_MP+FMI,,
73,BVR,50,7/15/2024,3,536.9274289,20250410_Anions_MP+FMI,,
59,BVR,50,7/15/2024,6,146.1569122,20250416_Anions_MP+FMI,,
66,BVR,50,7/15/2024,9,208.0287496,20250410_Anions_MP+FMI,,
62,FCR,50,7/15/2024,0.1,476.2037155,20250410_Anions_MP+FMI,,
17,FCR,50,7/15/2024,1.6,536.2168646,20250410_Anions_MP+FMI,,
43,FCR,50,7/15/2024,3.8,1284.47628,20250410_Anions_MP+FMI,,
30,FCR,50,7/15/2024,5,1242.864008,20250410_Anions_MP+FMI,,
26,FCR,50,7/15/2024,9,1643.16548,20250410_Anions_MP+FMI,,
16,FCR,50,7/22/2024,0.1,678.9787139,20250416_Anions_MP+FMI,,
14,FCR,50,7/22/2024,1.6,709.6452213,20250416_Anions_MP+FMI,,
55,FCR,50,7/22/2024,3.8,1067.840309,20250416_Anions_MP+FMI,,
71,FCR,50,7/22/2024,5,1237.331023,20250410_Anions_MP+FMI,,
27,FCR,50,7/22/2024,9,1218.983448,20250416_Anions_MP+FMI,,
13,FCR,50,6/24/2024,3.8,873.3081654,20250410_Anions_MP+FMI,,
55,BVR,50,7/29/2024,0.1,1625.075036,20250410_Anions_MP+FMI,,
35,BVR,50,7/29/2024,3,1007.477803,20250410_Anions_MP+FMI,,
64,BVR,50,7/29/2024,6,708.697829,20250410_Anions_MP+FMI,,
48,BVR,50,7/29/2024,9,158.7947156,20250410_Anions_MP+FMI,,
54,BVR,50,8/5/2024,0.1,397.1341032,20250408_FMI+MP_sulfate,,
36,BVR,50,8/5/2024,3,467.6382904,20250408_FMI+MP_sulfate,,
65,BVR,50,8/5/2024,6,548.6085122,20250410_Anions_MP+FMI,,
60,BVR,50,8/5/2024,9,118.9085969,20250408_FMI+MP_sulfate,,
72,BVR,50,8/19/2024,0.1,511.3643373,20250408_FMI+MP_sulfate,,
36,BVR,50,8/19/2024,3,562.841108,20250410_Anions_MP+FMI,,
51,BVR,50,8/19/2024,6,282.8592371,20250410_Anions_MP+FMI,,
35,BVR,50,8/19/2024,9,n.a.,20250408_FMI+MP_sulfate,,
16,FCR,50,8/26/2024,0.1,741.1591184,20250408_FMI+MP_sulfate,,
29,FCR,50,8/26/2024,1.6,822.876397,20250408_FMI+MP_sulfate,,
18,FCR,50,8/26/2024,3.8,821.8714431,20250410_Anions_MP+FMI,,
27,FCR,50,8/26/2024,5,895.5489576,20250408_FMI+MP_sulfate,,
30,FCR,50,8/26/2024,9,1362.193125,20250408_FMI+MP_sulfate,,
60,BVR,50,9/2/2024,0.1,500.3348951,20250410_Anions_MP+FMI,,
32,BVR,50,9/2/2024,3,503.64096,20250410_Anions_MP+FMI,,
39,BVR,50,9/2/2024,6,351.6483977,20250410_Anions_MP+FMI,,
29,BVR,50,9/2/2024,9,85.65086525,20250410_Anions_MP+FMI,,
76,FCR,50,9/2/2024,0.1,749.3218662,20250408_FMI+MP_sulfate,,
32,FCR,50,9/2/2024,1.6,760.7441143,20250408_FMI+MP_sulfate,,
74,FCR,50,9/2/2024,3.8,798.0193701,20250410_Anions_MP+FMI,,
74,FCR,50,9/2/2024,5,1108.947807,20250408_FMI+MP_sulfate,,
40,FCR,50,9/2/2024,9,1363.181045,20250408_FMI+MP_sulfate,,
55,FCR,50,9/9/2024,0.1,787.7022976,20250408_FMI+MP_sulfate,,
38,FCR,50,9/9/2024,1.6,779.0451554,20250408_FMI+MP_sulfate,,
79,FCR,50,9/9/2024,3.8,787.4934813,20250410_Anions_MP+FMI,,
53,FCR,50,9/9/2024,5,957.4949543,20250408_FMI+MP_sulfate,,
31,FCR,50,9/9/2024,9,1234.002562,20250408_FMI+MP_sulfate,,
56,FCR,50,9/17/2024,0.1,771.7610146,20250408_FMI+MP_sulfate,,
63,FCR,50,9/17/2024,1.6,801.3531444,20250408_FMI+MP_sulfate,,
42,FCR,50,9/17/2024,3.8,715.987796,20250416_Anions_MP+FMI,,
75,FCR,50,9/17/2024,5,1189.522041,20250408_FMI+MP_sulfate,,
66,FCR,50,9/17/2024,9,1250.350564,20250408_FMI+MP_sulfate,,
78,BVR,50,10/7/2024,0.1,654.608,20250410_Anions_MP+FMI,,
52,BVR,50,10/7/2024,3,613.7848754,20250416_Anions_MP+FMI,,
16,BVR,50,10/7/2024,6,428.4430406,20250410_Anions_MP+FMI,,
53,BVR,50,10/7/2024,9,n.a.,20250416_Anions_MP+FMI,,
43,FCR,50,10/15/2024,0.1,291.5989379,20250416_Anions_MP+FMI,,
11,FCR,50,10/15/2024,1.6,328.0968713,20250410_Anions_MP+FMI,,
20,FCR,50,10/15/2024,3.8,328.3148133,20250410_Anions_MP+FMI,,
77,FCR,50,10/15/2024,5,732.7543646,20250410_Anions_MP+FMI,,
44,FCR,50,10/15/2024,9,1168.818678,20250416_Anions_MP+FMI,,
52,FCR,50,10/21/2024,0.1,166.8503562,20250408_FMI+MP_sulfate,,
18,FCR,50,10/21/2024,1.6,206.8120291,20250408_FMI+MP_sulfate,,
29,FCR,50,10/21/2024,3.8,218.6440925,20250416_Anions_MP+FMI,,
64,FCR,50,10/21/2024,5,280.7796979,20250408_FMI+MP_sulfate,,
52,FCR,50,10/21/2024,9,1098.024485,20250410_Anions_MP+FMI,,
78,FCR,50,10/29/2024,0.1,133.8483366,20250408_FMI+MP_sulfate,,
37,FCR,50,10/29/2024,1.6,126.3079461,20250408_FMI+MP_sulfate,,
13,FCR,50,10/29/2024,3.8,868.5398822,20250416_Anions_MP+FMI,,
19,FCR,50,10/29/2024,5,312.5045637,20250408_FMI+MP_sulfate,,
80,FCR,50,10/29/2024,9,449.9066047,20250408_FMI+MP_sulfate,,
20,BVR,50,11/4/2024,0.1,619.4814016,20250408_FMI+MP_sulfate,,
67,BVR,50,11/4/2024,3,668.0456451,20250408_FMI+MP_sulfate,,
24,BVR,50,11/4/2024,6,655.2211718,20250408_FMI+MP_sulfate,,
79,BVR,50,11/4/2024,10,799.9099971,20250408_FMI+MP_sulfate,,
13,FCR,50,11/4/2024,0.1,n.a.,20250408_FMI+MP_sulfate,,
39,FCR,50,11/4/2024,1.6,n.a.,20250408_FMI+MP_sulfate,,
48,FCR,50,11/4/2024,3.8,176.3014162,20250416_Anions_MP+FMI,,
15,FCR,50,11/4/2024,5,242.2338514,20250408_FMI+MP_sulfate,,
71,FCR,50,11/4/2024,9,568.9865584,20250408_FMI+MP_sulfate,,
47,BVR,50,11/19/2024,0.1,684.4804902,20250408_FMI+MP_sulfate,,
48,BVR,50,11/19/2024,3,594.258498,20250408_FMI+MP_sulfate,,
14,BVR,50,11/19/2024,6,549.8207035,20250408_FMI+MP_sulfate,,
56,BVR,50,11/19/2024,10,593.9930223,20250410_Anions_MP+FMI,,
12,FCR,50,11/19/2024,0.1,242.6133807,20250408_FMI+MP_sulfate,,
51,FCR,50,11/19/2024,1.6,727.9057556,20250408_FMI+MP_sulfate,,
15,FCR,50,11/19/2024,3.8,319.4378671,20250416_Anions_MP+FMI,,
11,FCR,50,11/19/2024,5,226.4691557,20250408_FMI+MP_sulfate,,
47,FCR,50,11/19/2024,9,257.2358037,20250416_Anions_MP+FMI,,
67,BVR,50,12/3/2024,0.1,958.1039283,20250410_Anions_MP+FMI,,
25,BVR,50,12/3/2024,3,828.7623065,20250408_FMI+MP_sulfate,,
73,BVR,50,12/3/2024,6,822.2063169,20250408_FMI+MP_sulfate,,
63,BVR,50,12/3/2024,9,603.8997539,20250410_Anions_MP+FMI,,
s1,FCR,100,5/20/2024,0.1,1016,,,
s2,FCR,20,9/17/2024,0.1,689,,,
s3,FCR,50,8/5/2024,9,1363,,,
s4,FCR,100,5/6/2024,0.1,818,,,
s5,FCR,100,7/8/2024,0.1,510,,,
s6,FCR,50,3/18/2024,3.8,1360,,,
s7,FCR,50,8/19/2024,3.8,846,,,
s8,FCR,50,5/6/2024,3.8,1415,,,
s9,FCR,100,3/29/2024,0.1,904,,,
s10,FCR,100,7/15/2024,0.1,532,,,
s12,FCR,100,6/17/2024,0.1,572,,,
s13,FCR,100,3/5/2024,0.1,1273,,,
s14,FCR,50,8/19/2024,1.6,663,,,
s15,FCR,50,3/18/2024,9,1341,,,
s16,FCR,50,4/29/2024,3.8,1390,,,
s17,FCR,50,8/19/2024,9,1361,,,
s18,FCR,100,3/18/2024,0.1,1123,,,
s19,FCR,100,9/2/2024,0.1,516,,,
s20,FCR,100,6/10/2024,0.1,601,,,
s21,FCR,100,9/9/2024,0.1,573,,,
s22,FCR,50,5/20/2024,1.6,1273,,,
s23,FCR,50,8/5/2024,3.8,943,,,
s24,FCR,50,8/5/2024,5,1109,,,
s25,FCR,100,8/5/2024,0.1,485,,,
s26,FCR,50,5/6/2024,0.1,1421,,,
s27,FCR,50,8/19/2024,0.1,667,,,
s28,FCR,50,5/6/2024,9,1458,,,
s29,FCR,100,6/3/2024,0.1,668,,,
s30,FCR,50,3/29/2024,1.6,1461,,,
s31,FCR,50,3/24/2024,5,1475,,,
s32,FCR,50,5/6/2024,5,1483,,,
s33,FCR,100,7/22/2024,0.1,475,,,
s34,FCR,100,7/1/2024,0.1,509,,,
s35,FCR,100,10/15/2024,0.1,593,,,
s36,FCR,50,5/20/2024,9,1493,,,
s37,FCR,50,4/29/2024,0.1,1499,,,
s38,FCR,100,8/19/2024,0.1,533,,,
s39,FCR,50,8/5/2024,1.6,484,,,
s40,FCR,50,5/20/2024,3.8,1399,,,
s41,FCR,100,5/13/2024,0.1,763,,,
s42,FCR,20,7/8/2024,0.1,190,,,
s43,FCR,50,5/20/2024,5,1473,,,
s44,FCR,20,7/1/2024,0.1,146,,,
s45,FCR,50,3/29/2024,9,1481,,,
s46,FCR,100,10/21/2024,0.1,613,,,
s47,FCR,100,6/24/2024,0.1,531,,,
s48,FCR,50,3/18/2024,0.1,1412,,,
s49,FCR,100,4/1/2024,0.1,1129,,,
s50,FCR,20,7/15/2024,0.1,452,,,
s51,FCR,100,10/29/2024,0.1,885,,,
s52,FCR,50,8/5/2024,0.1,486,,,
s53,FCR,50,5/6/2024,1.6,1451,,,
s54,FCR,50,3/18/2024,5,1415,,,
s55,FCR,50,3/18/2024,1.6,1413,,,
s56,FCR,50,5/20/2024,0.1,1281,,,
s57,FCR,50,8/19/2024,5,831,,,
s58,FCR,20,8/26/2024,0.1,701,,,
s59,FCR,100,11/4/2024,0.1,628,,,
s60,FCR,20,9/2/2024,0.1,666,,,
B50_21.Jul.25_3.0m,BVR,50,7/21/2025,3,957,,7/30/2025,
B50_21.Jul.25_6.0m,BVR,50,7/21/2025,6,404,,,
B50_21.Jul.25_7.0m,BVR,50,7/21/2025,7,130,,,
B50_21.Jul.25_0.1m,BVR,50,7/21/2025,0.1,977,,,
B50_28.Jul.25_0.1m,BVR,50,7/28/2025,0.1,939,,,
B50_28.Jul.25_3.0m,BVR,50,7/28/2025,3,899,,,
B50_28.Jul.25_6.0m,BVR,50,7/28/2025,6,249,,,
B50_28.Jul.25_7.0m,BVR,50,7/28/2025,7,307,,,
F100_28.Jul.25_0.1m,FCR,100,7/28/2025,0.1,980,,,
F20_21.Jul.25_0.1m,FCR,20,7/21/2025,0.1,1057,,,
F50_21.Jul.25,FCR,50,7/21/2025,9,1656,,,
F50_21.Jul.25_0.1m,FCR,50,7/21/2025,0.1,927,,,
F50_21.Jul.25_1.6m,FCR,50,7/21/2025,1.6,998,,,
F50_21.Jul.25_3.8m,FCR,50,7/21/2025,3.8,1166,,,
F50_21.Jul.25_5.0m,FCR,50,7/21/2025,5,1354,,,
F50_21.Jul.25_6.2m,FCR,50,7/21/2025,6.2,1713,,,
F50_21.Jul.25_8.0m,FCR,50,7/21/2025,8,1653,,,
F50_28.Jul.25_0.1m,FCR,50,7/28/2025,0.1,1013,,,
F50_28.Jul.25_1.6m,FCR,50,7/28/2025,1.6,977,,,
F50_28.Jul.25_3.8m,FCR,50,7/28/2025,3.8,1268,,,
F50_28.Jul.25_5.0m,FCR,50,7/28/2025,5,1427,,,
F50_28.Jul.25_6.2m,FCR,50,7/28/2025,6.2,1589,,,
F50_28.Jul.25_8.0m,FCR,50,7/28/2025,8,1586,,,
F50_28.Jul.25_9.0m,FCR,50,7/28/2025,9,1744,,,
14,BVR,50,6/30/2025,0.1,596.9448873,20251118_MP_Anions,11/18/2025,
15,FCR,50,5/5/2025,6.2,1379.466489,20251118_MP_Anions,11/18/2025,
16,BVR,50,6/2/2025,0.1,625.7629511,20251118_MP_Anions,11/18/2025,
17,BVR,50,3/10/2025,6,1802.296643,20251118_MP_Anions,11/18/2025,
18,BVR,50,5/5/2025,0.1,1413.556802,20251118_MP_Anions,11/18/2025,
19,BVR,50,4/7/2025,0.1,1056.458473,20251118_MP_Anions,11/18/2025,
20,FCR,50,6/30/2025,1.6,707.5943601,20251118_MP_Anions,11/18/2025,
21,BVR,50,5/26/2025,3,2523.932797,20251118_MP_Anions,11/18/2025,
22,FCR,100,6/2/2025,0.1,1055.348033,20251118_MP_Anions,11/18/2025,
23,FCR,50,4/7/2025,9,1435.265259,20251118_MP_Anions,11/18/2025,
27,FCR,50,5/26/2025,9,1690.053131,20251118_MP_Anions,11/18/2025,
28,FCR,50,4/7/2025,0.1,1181.76012,20251118_MP_Anions,11/18/2025,
29,FCR,50,3/10/2025,5,1398.523972,20251118_MP_Anions,11/18/2025,
30,FCR,50,3/24/2025,8,1332.684632,20251118_MP_Anions,11/18/2025,
31,FCR,50,2/24/2025,8,1473.633372,20251118_MP_Anions,11/18/2025,
32,BVR,50,6/30/2025,3,1209.68438,20251118_MP_Anions,11/18/2025,
33,FCR,50,4/7/2025,5,1556.889757,20251118_MP_Anions,11/18/2025,
34,FCR,50,2/24/2025,5,1416.277536,20251118_MP_Anions,11/18/2025,
35,FCR,50,4/7/2025,8,1469.185044,20251118_MP_Anions,11/18/2025,
36,FCR,50,3/10/2025,9,1396.00688,20251118_MP_Anions,11/18/2025,
40,FCR,50,2/24/2025,1.6,1446.408037,20251118_MP_Anions,11/18/2025,
41,BVR,50,6/2/2025,6,466.5926327,20251118_MP_Anions,11/18/2025,
42,BVR,50,5/26/2025,7,128.0249946,20251118_MP_Anions,11/18/2025,
43,FCR,50,5/26/2025,9,1633.809488,20251118_MP_Anions,11/18/2025,
44,FCR,100,4/7/2025,0.1,1296.52325,20251118_MP_Anions,11/18/2025,
45,BVR,50,5/5/2025,6,1032.482858,20251118_MP_Anions,11/18/2025,
46,BVR,50,5/10/2025,3,1086.146712,20251118_MP_Anions,11/18/2025,
47,BVR,50,2/24/2025,9,1037.568673,20251118_MP_Anions,11/18/2025,
48,BVR,50,6/2/2025,3,946.4849088,20251118_MP_Anions,11/18/2025,
49,FCR,50,3/17/2025,8,1433.434598,20251118_MP_Anions,11/18/2025,
53,FCR,50,6/2/2025,3.8,1264.412092,20251118_MP_Anions,11/18/2025,
54,FCR,50,3/24/2025,1.6,1330.124757,20251118_MP_Anions,11/18/2025,
55,FCR,50,3/10/2025,8,1411.613405,20251118_MP_Anions,11/18/2025,
56,FCR,50,3/24/2025,3.8,1340.839507,20251118_MP_Anions,11/18/2025,
57,FCR,50,2/24/2025,9,1599.925124,20251118_MP_Anions,11/18/2025,
58,FCR,50,3/10/2025,0.1,1426.785976,20251118_MP_Anions,11/18/2025,
59,BVR,50,5/5/2025,3,1332.850496,20251118_MP_Anions,11/18/2025,
60,FCR,50,4/7/2025,3.8,1308.048417,20251118_MP_Anions,11/18/2025,
61,FCR,50,6/2/2025,6.2,1481.503095,20251118_MP_Anions,11/18/2025,
62,BVR,50,4/7/2025,6,1150.854092,20251118_MP_Anions,11/18/2025,
66,BVR,50,6/2/2025,3,973.9717131,20251118_MP_Anions,11/18/2025,
67,FCR,50,5/5/2025,0.1,1205.651381,20251118_MP_Anions,11/18/2025,
68,FCR,50,5/5/2025,8,1556.068829,20251118_MP_Anions,11/18/2025,
69,FCR,100,3/17/2025,0.1,1167.868167,20251118_MP_Anions,11/18/2025,
70,FCR,50,2/24/2025,6.2,1495.799431,20251118_MP_Anions,11/18/2025,
71,FCR,100,3/31/2025,0.1,1189.600989,20251118_MP_Anions,11/18/2025,
72,FCR,50,5/5/2025,5,1357.616162,20251118_MP_Anions,11/18/2025,
73,FCR,50,6/2/2025,1.6,811.9878489,20251118_MP_Anions,11/18/2025,
74,FCR,20,5/19/2025,0.1,1677.911023,20251118_MP_Anions,11/18/2025,
75,BVR,50,5/26/2025,0.1,1298.231236,20251118_MP_Anions,11/18/2025,
79,FCR,50,6/2/2025,8,1746.111089,20251118_MP_Anions,11/18/2025,
80,BVR,50,5/26/2025,6,523.962351,20251118_MP_Anions,11/18/2025,
81,BVR,50,2/24/2025,6,1020.265331,20251118_MP_Anions,11/18/2025,
82,BVR,50,2/24/2025,3,978.0678573,20251118_MP_Anions,11/18/2025,
83,FCR,50,6/30/2025,9,1864.825341,20251118_MP_Anions,11/18/2025,
4,BVR,50,5/12/2025,0.1,1512.222993,20251119_MP_Anions,11/19/2025,
5,BVR,50,5/5/2025,7,880.112182,20251119_MP_Anions,11/19/2025,
6,FCR,50,4/21/2025,8,1483.453263,20251119_MP_Anions,11/19/2025,
7,FCR,50,5/19/2025,0.1,1510.004465,20251119_MP_Anions,11/19/2025,
8,FCR,50,5/12/2025,1.6,1204.525291,20251119_MP_Anions,11/19/2025,
9,FCR,50,5/5/2025,9,1611.687351,20251119_MP_Anions,11/19/2025,
10,FCR,100,4/28/2025,0.1,1463.14827,20251119_MP_Anions,11/19/2025,
11,FCR,50,3/10/2025,3.8,1481.785145,20251119_MP_Anions,11/19/2025,
12,FCR,50,4/28/2025,5,1327.390139,20251119_MP_Anions,11/19/2025,
13,FCR,50,2/24/2025,0.1,1612.57978,20251119_MP_Anions,11/19/2025,
17,FCR,50,5/12/2025,6.2,1683.607795,20251119_MP_Anions,11/19/2025,
18,BVR,50,5/12/2025,6,637.880273,20251119_MP_Anions,11/19/2025,
19,FCR,50,4/14/2025,6.2,1520.817975,20251119_MP_Anions,11/19/2025,
20,FCR,100,5/12/2025,0.1,1396.431435,20251119_MP_Anions,11/19/2025,
21,FCR,50,3/17/2025,1.6,1455.521472,20251119_MP_Anions,11/19/2025,
22,FCR,50,6/16/2025,6.2,1471.156196,20251119_MP_Anions,11/19/2025,
23,FCR,50,6/9/2025,8,1727.279002,20251119_MP_Anions,11/19/2025,
25,BVR,50,4/7/2025,7,1162.292717,20251119_MP_Anions,11/19/2025,
26,FCR,50,4/28/2025,8,1557.237578,20251119_MP_Anions,11/19/2025,
30,FCR,50,3/31/2025,5,1442.861308,20251119_MP_Anions,11/19/2025,
31,BVR,50,5/19/2025,0.1,1641.898129,20251119_MP_Anions,11/19/2025,
32,BVR,50,5/19/2025,0.1,1723.3409,20251119_MP_Anions,11/19/2025,
33,BVR,50,5/12/2025,3,1436.786316,20251119_MP_Anions,11/19/2025,
34,FCR,100,4/14/2025,0.1,1216.457689,20251119_MP_Anions,11/19/2025,
35,BVR,50,5/19/2025,7,472.2916716,20251119_MP_Anions,11/19/2025,
36,FCR,50,5/12/2025,0.1,1268.781531,20251119_MP_Anions,11/19/2025,
37,FCR,50,5/12/2025,9,1642.487554,20251119_MP_Anions,11/19/2025,
38,BVR,50,4/21/2025,6,1363.346241,20251119_MP_Anions,11/19/2025,
39,BVR,50,4/21/2025,0.1,1302.082297,20251119_MP_Anions,11/19/2025,
43,FCR,50,5/26/2025,8,1699.390923,20251119_MP_Anions,11/19/2025,
44,FCR,100,2/24/2025,0.1,1079.452059,20251119_MP_Anions,11/19/2025,
45,BVR,50,6/9/2025,7,158.7744534,20251119_MP_Anions,11/19/2025,
46,FCR,50,4/7/2025,1.6,1223.26976,20251119_MP_Anions,11/19/2025,
47,FCR,50,6/23/2025,8,1741.089238,20251119_MP_Anions,11/19/2025,
48,FCR,50,6/9/2025,3.8,1256.694563,20251119_MP_Anions,11/19/2025,
49,FCR,50,5/26/2025,6.2,1599.012335,20251119_MP_Anions,11/19/2025,
50,FCR,100,3/10/2025,0.1,1139.961402,20251119_MP_Anions,11/19/2025,
51,FCR,50,3/10/2025,6.2,1471.089384,20251119_MP_Anions,11/19/2025,
52,FCR,200,2/24/2025,0.1,2493.846602,20251119_MP_Anions,11/19/2025,
56,BVR,50,5/19/2025,3,1465.586667,20251119_MP_Anions,11/19/2025,
57,FCR,50,6/9/2025,9,1579.146019,20251119_MP_Anions,11/19/2025,
58,FCR,50,3/31/2025,3.8,1114.280828,20251119_MP_Anions,11/19/2025,
59,FCR,50,5/5/2025,1.6,978.5979792,20251119_MP_Anions,11/19/2025,
60,FCR,50,5/26/2025,5,1531.886902,20251119_MP_Anions,11/19/2025,
61,FCR,50,6/23/2025,5,1260.016869,20251119_MP_Anions,11/19/2025,
62,FCR,50,6/9/2025,0.1,181.6302575,20251119_MP_Anions,11/19/2025,
63,FCR,50,6/2/2025,5,980.686277,20251119_MP_Anions,11/19/2025,
4,BVR,50,5/19/2025,3,2219.174826,20251120_FMI_Anions reruns,11/20/2025,
5,FCR,50,6/9/2025,9,1854.099947,20251120_FMI_Anions reruns,11/20/2025,
6,FCR,50,3/31/2025,3.8,1358.885916,20251120_FMI_Anions reruns,11/20/2025,
7,FCR,50,5/5/2025,1.6,1239.83889,20251120_FMI_Anions reruns,11/20/2025,
8,FCR,50,5/26/2025,5,1697.902783,20251120_FMI_Anions reruns,11/20/2025,
9,FCR,50,6/23/2025,5,1414.062214,20251120_FMI_Anions reruns,11/20/2025,
10,FCR,50,6/9/2025,0.1,217.3344286,20251120_FMI_Anions reruns,11/20/2025,
11,FCR,50,6/2/2025,5,1388.171281,20251120_FMI_Anions reruns,11/20/2025,
12,FCR,50,6/9/2025,1.6,177.4217645,20251120_FMI_Anions reruns,11/20/2025,
13,FCR,100,5/26/2025,0.1,1598.990078,20251120_FMI_Anions reruns,11/20/2025,
17,BVR,50,6/16/2025,7,862.8964456,20251120_FMI_Anions reruns,11/20/2025,
18,FCR,50,3/31/2025,1.6,1324.280742,20251120_FMI_Anions reruns,11/20/2025,
19,FCR,50,5/26/2025,0.1,1271.082878,20251120_FMI_Anions reruns,11/20/2025,
20,FCR,100,6/9/2025,0.1,877.8135719,20251120_FMI_Anions reruns,11/20/2025,
21,FCR,100,6/16/2025,0.1,1283.669443,20251120_FMI_Anions reruns,11/20/2025,
22,FCR,50,2/24/2025,3.8,1473.438238,20251120_FMI_Anions reruns,11/20/2025,
23,FCR,50,6/16/2025,3.8,1696.718147,20251120_FMI_Anions reruns,11/20/2025,
24,FCR,50,5/19/2025,5,1956.377291,20251120_FMI_Anions reruns,11/20/2025,
25,FCR,50,8/4/2025,0.1,934.6438489,20251120_FMI_Anions reruns,11/20/2025,
26,FCR,50,6/23/2025,25,1387.525439,20251120_FMI_Anions reruns,11/20/2025,
4,FCR,50,5/12/2025,3.8,1090.471156,20251121_MP_Anions,11/21/2025,
5,FCR,50,4/21/2025,0.1,1236.232063,20251121_MP_Anions,11/21/2025,
6,FCR,50,4/14/2025,9,1556.292759,20251121_MP_Anions,11/21/2025,
7,FCR,50,3/24/2025,9,1352.349479,20251121_MP_Anions,11/21/2025,
8,FCR,50,5/19/2025,6.2,1905.597822,20251121_MP_Anions,11/21/2025,
9,BVR,50,6/9/2025,3,2052.701254,20251121_MP_Anions,11/21/2025,
10,FCR,20,5/26/2025,0.1,1840.507634,20251121_MP_Anions,11/21/2025,
11,FCR,50,4/21/2025,5,1278.891429,20251121_MP_Anions,11/21/2025,
12,FCR,50,4/28/2025,9,1508.992385,20251121_MP_Anions,11/21/2025,
13,FCR,50,4/28/2025,3.8,1181.107516,20251121_MP_Anions,11/21/2025,
17,FCR,200,4/14/2025,0.1,1940.746769,20251121_MP_Anions,11/21/2025,
18,FCR,50,4/7/2025,6.2,1458.764484,20251121_MP_Anions,11/21/2025,
19,FCR,50,5/26/2025,1.6,1231.963737,20251121_MP_Anions,11/21/2025,
20,FCR,50,3/31/2025,8,1427.640912,20251121_MP_Anions,11/21/2025,
21,FCR,50,3/17/2025,9,1380.763204,20251121_MP_Anions,11/21/2025,
22,FCR,50,5/19/2025,9,1670.33143,20251121_MP_Anions,11/21/2025,
23,BVR,50,5/12/2025,7,1431.065041,20251121_MP_Anions,11/21/2025,
24,FCR,50,3/31/2025,0.1,1263.591223,20251121_MP_Anions,11/21/2025,
25,FCR,50,4/14/2025,0.1,1228.759049,20251121_MP_Anions,11/21/2025,
26,FCR,100,4/21/2025,0.1,1236.460275,20251121_MP_Anions,11/21/2025,
30,FCR,50,3/31/2025,6.2,1374.147547,20251121_MP_Anions,11/21/2025,
31,FCR,50,6/16/2025,5,1439.018712,20251121_MP_Anions,11/21/2025,
32,FCR,100,5/5/2025,0.1,1367.654956,20251121_MP_Anions,11/21/2025,
33,FCR,50,3/31/2025,9,1420.441258,20251121_MP_Anions,11/21/2025,
34,BVR,50,4/21/2025,3,1223.306575,20251121_MP_Anions,11/21/2025,
35,BVR,50,4/21/2025,7,1199.904463,20251121_MP_Anions,11/21/2025,
36,BVR,50,6/9/2025,6,947.1176951,20251121_MP_Anions,11/21/2025,
37,BVR,50,3/10/2025,9,1114.677556,20251121_MP_Anions,11/21/2025,
38,BVR,50,3/24/2025,6,1116.021302,20251121_MP_Anions,11/21/2025,
39,FCR,50,4/28/2025,6.2,1416.504507,20251121_MP_Anions,11/21/2025,
43,FCR,50,4/14/2025,8,1444.493953,20251121_MP_Anions,11/21/2025,
44,FCR,50,4/14/2025,5,1297.055312,20251121_MP_Anions,11/21/2025,
45,FCR,50,3/24/2025,5,1292.505398,20251121_MP_Anions,11/21/2025,
46,FCR,50,4/21/2025,6.2,1507.304101,20251121_MP_Anions,11/21/2025,
47,BVR,50,5/12/2025,7,1496.9516,20251121_MP_Anions,11/21/2025,
48,FCR,50,3/10/2025,1.6,1327.103726,20251121_MP_Anions,11/21/2025,
49,FCR,50,5/5/2025,5,1292.992026,20251121_MP_Anions,11/21/2025,
50,FCR,50,4/21/2025,3.8,1169.021011,20251121_MP_Anions,11/21/2025,
51,FCR,50,3/24/2025,0.1,1291.345078,20251121_MP_Anions,11/21/2025,
52,BVR,50,5/5/2025,6,1644.846276,20251121_MP_Anions,11/21/2025,
56,FCR,50,5/19/2025,8,1762.079807,20251121_MP_Anions,11/21/2025,
57,BVR,50,4/21/2025,3,1208.934749,20251121_MP_Anions,11/21/2025,
58,FCR,50,3/17/2025,6.2,1328.206123,20251121_MP_Anions,11/21/2025,
59,FCR,50,4/14/2025,0.1,1230.750822,20251121_MP_Anions,11/21/2025,
60,FCR,50,4/28/2025,1.6,1149.35351,20251121_MP_Anions,11/21/2025,
61,BVR,50,2/24/2025,0.1,1584.500843,20251121_MP_Anions,11/21/2025,
62,BVR,50,6/9/2025,0.1,970.5810995,20251121_MP_Anions,11/21/2025,
63,FCR,50,6/16/2025,8,1620.638397,20251121_MP_Anions,11/21/2025,
64,BVR,50,3/24/2025,3,1082.005866,20251121_MP_Anions,11/21/2025,
65,FCR,50,5/12/2025,5,1151.15203,20251121_MP_Anions,11/21/2025,
69,FCR,50,5/26/2025,3.8,1437.895988,20251121_MP_Anions,11/21/2025,
70,FCR,50,4/14/2025,1.6,1835.573672,20251121_MP_Anions,11/21/2025,
71,BVR,50,4/7/2025,0.1,1052.556977,20251121_MP_Anions,11/21/2025,
72,FCR,50,4/14/2025,3.8,1193.289754,20251121_MP_Anions,11/21/2025,
73,FCR,50,5/5/2025,3.8,1194.354531,20251121_MP_Anions,11/21/2025,
74,BVR,50,6/16/2025,6,906.531624,20251121_MP_Anions,11/21/2025,
75,FCR,50,3/17/2025,3.8,1321.818285,20251121_MP_Anions,11/21/2025,
76,FCR,50,4/21/2025,1.6,1174.62775,20251121_MP_Anions,11/21/2025,
77,FCR,50,5/19/2025,3.8,1162.91851,20251121_MP_Anions,11/21/2025,
78,FCR,50,4/28/2025,0.1,1188.068203,20251121_MP_Anions,11/21/2025,
81,FCR,50,4/21/2025,1.6,1192.777665,20251121_MP_Anions,11/21/2025,
82,FCR,50,4/21/2025,9,1482.818355,20251121_MP_Anions,11/21/2025,
83,BVR,50,2/24/2025,0.1,2015.757303,20251121_MP_Anions,11/21/2025,
84,FCR,20,6/16/2025,0.1,246.8106306,20251121_MP_Anions,11/21/2025,
,BVR,50,9/1/2025,0.1,525,,12/9/2025,
,FCR,50,8/18/2025,8,1413,,12/9/2024,
,FCR,100,11/3/2025,0.1,1023,,12/9/2023,
,FCR,50,9/1/2025,8,1342,,12/9/2022,
,FCR,50,8/4/2025,3.8,1210,,12/9/2021,
,FCR,50,12/1/2025,3.8,969,,12/9/2020,
,FCR,50,11/10/2025,5,899,,12/9/2019,
,BVR,50,12/1/2025,0.1,742,,12/9/2018,
,FCR,50,9/15/2025,9,1344,,12/9/2017,
,FCR,50,8/4/2025,0.1,984,,12/9/2016,
,FCR,50,9/1/2025,6.2,1200,,12/9/2015,
,FCR,50,11/10/2025,0.1,907,,12/9/2014,
,FCR,50,9/29/2025,6.2,1237,,12/9/2013,
,FCR,100,8/25/2025,0.1,992,,12/9/2012,
,FCR,50,8/18/2025,6.2,1241,,12/9/2011,
,FCR,50,8/11/2025,3.8,898,,12/9/2010,
,FCR,50,9/1/2025,0.1,224,,12/9/2009,
,BVR,50,8/4/2025,0.1,447,,12/9/2008,
,FCR,100,9/8/2025,0.1,844,,12/9/2007,
,FCR,50,9/8/2025,1.6,833,,12/9/2006,
,FCR,50,12/1/2025,6.2,965,,12/9/2005,
,BVR,50,12/1/2025,3,1458,,12/9/2004,
,FCR,50,8/25/2025,0.1,497,,12/9/2003,
,FCR,50,9/1/2025,9,1325,,12/9/2002,
,FCR,50,8/18/2025,9,1391,,12/9/2001,
,BVR,50,8/4/2025,3,426,,12/9/2000,
,BVR,50,8/18/2025,0.1,930,,12/9/1999,
,BVR,50,12/1/2025,6,1412,,12/9/1998,
,FCR,50,8/18/2025,1.6,826,,12/9/1997,
,BVR,50,12/1/2025,5,1494,,12/9/1996,
,BVR,50,9/1/2025,6,832,,12/9/1995,cracked when thawing
,FCR,20,8/25/2025,0.1,647,,12/9/1994,cracked when thawing
,FCR,20,8/18/2025,0.1,900,,12/9/1993,
,FCR,50,9/8/2025,3.8,623,,12/9/1992,
,FCR,50,8/11/2025,1.6,852,,12/9/1991,
,FCR,50,12/1/2025,1.6,1036,,12/9/1990,
,FCR,50,9/1/2025,5,1304,,12/9/1989,
,FCR,50,12/1/2025,5,591,,12/9/1988,
,FCR,100,9/1/2025,0.1,949,,12/9/1987,
,FCR,50,8/11/2025,6.2,2462,,12/9/1986,
,FCR,50,8/11/2025,9,1432,,12/9/1985,
,FCR,100,11/10/2025,0.1,1148,,12/9/1984,
,FCR,50,11/3/2025,1.6,551,,12/9/1983,
,FCR,50,9/29/2025,8,2140,,12/9/1982,
,FCR,20,12/1/2025,0.1,1301,,12/9/1981,
,FCR,100,12/1/2025,0.1,1383,,12/9/1980,
,FCR,50,8/25/2025,5,969,,12/9/1979,
,FCR,50,8/4/2025,6.2,1614,,12/9/1978,
,FCR,50,12/1/2025,9,1046,,12/9/1977,
,FCR,50,12/1/2025,8,1021,,12/9/1976,
,BVR,50,11/3/2025,0.1,1967,,12/9/1975,
,FCR,50,9/1/2025,1.6,245,,12/9/1974,
,FCR,50,8/11/2025,8,1582,,12/9/1973,
,BVR,50,8/25/2025,5,722,,12/9/1972,
,BVR,50,8/4/2025,6,782,,12/9/1971,
,BVR,50,9/1/2025,5,940,,12/9/1970,
,BVR,50,8/25/2025,6,866,,12/9/1969,
,BVR,50,8/18/2025,5,628,,12/9/1968,
,FCR,50,10/27/2025,0.1,527,,12/9/1967,
,FCR,20,9/22/2025,0.1,68,,12/9/1966,
,FCR,50,11/10/2025,6.2,790,,12/9/1965,
,FCR,50,10/27/2025,3.8,330,,12/9/1964,
,FCR,50,10/27/2025,1.6,304,,12/9/1963,
,FCR,50,8/25/2025,3.8,537,,12/9/1962,
,FCR,50,8/18/2025,0.1,844,,12/9/1961,
,BVR,50,11/3/2025,6,1033,,12/9/1960,
,FCR,50,8/11/2025,5,1462,,12/9/1959,
,FCR,50,11/10/2025,9,970,,12/9/1958,
,FCR,100,8/11/2025,0.1,864,,12/9/1957,
,FCR,50,11/3/2025,6.2,524,,12/9/1956,
,FCR,50,8/25/2025,9,1498,,12/9/1955,
,FCR,50,10/27/2025,9,1223,,12/9/1954,
,FCR,50,9/8/2025,8,1392,,12/9/1953,
,FCR,50,11/10/2025,3.8,903,,12/9/1952,
,FCR,20,8/4/2025,0.1,871,,12/9/1951,
,FCR,50,8/18/2025,5,1186,,12/9/1950,
,BVR,50,9/1/2025,3,1371,,12/9/1949,
,BVR,50,8/25/2025,3,983,,12/9/1948,
,FCR,50,8/4/2025,8,1534,,12/9/1947,
,BVR,50,10/27/2025,5,823,,12/9/1946,
,FCR,50,10/20/2025,6.2,492,,12/9/1945,
,BVR,50,10/20/2025,0.1,767,,12/9/1944,
,FCR,50,8/25/2025,6.2,1432,,12/9/1943,
,FCR,50,10/20/2025,5,205,,12/9/1942,
,BVR,50,8/11/2025,0.1,590,,12/9/1941,
,FCR,100,10/20/2025,0.1,855,,12/9/1940,
,FCR,50,11/10/2025,1.6,955,,12/9/1939,
,BVR,50,8/11/2025,3,926,,12/9/1938,
,FCR,50,8/4/2025,5,1452,,12/9/1937,
,FCR,50,9/29/2025,5,1016,,12/9/1936,
,FCR,50,8/4/2025,9,1562,,12/9/1935,
,BVR,50,11/3/2025,5,1078,,12/9/1934,
,BVR,50,8/18/2025,3,786,,12/9/1933,rerun on 12/12
,FCR,100,8/4/2025,0.1,948,,12/9/1932,
,FCR,50,11/10/2025,8,972,,12/9/1931,
,BVR,50,10/20/2025,5,781,,12/9/1930,
,FCR,50,10/27/2025,6.2,370,,12/9/1929,
,FCR,50,10/13/2025,6.2,1408,,12/9/1928,
,BVR,50,8/11/2025,6,842,,12/9/1927,
,BVR,50,11/3/2025,3,1061,,12/9/1926,
,FCR,50,9/1/2025,3.8,663,,12/9/1925,
,FCR,50,8/18/2025,3.8,909,,12/9/1924,
,FCR,50,11/3/2025,8,527,,12/9/1923,
,BVR,50,10/27/2025,3,841,,12/9/1922,
,FCR,50,8/4/2025,1.6,905,,12/9/1921,
,FCR,100,8/18/2025,0.1,1050,,12/9/1920,
,FCR,50,11/3/2025,9,607,,12/9/1919,
,FCR,50,11/3/2025,0.1,566,,12/9/1918,
,FCR,50,11/3/2025,3.8,567,,12/9/1917,
,BVR,50,8/4/2025,7,739,,12/9/1916,
,FCR,20,8/11/2025,0.1,853,,12/9/1915,
,FCR,50,8/11/2025,0.1,971,,12/9/1914,
,BVR,50,8/25/2025,0.1,1057,,12/9/1913,cracked when thawing
,FCR,50,8/25/2025,1.6,506,,12/9/1912,cracked when thawing
,FCR,20,11/10/2025,0.1,1248,,12/9/1911,cracked when thawing
,BVR,50,8/18/2025,6,857,,12/9/1910,cracked when thawing
,FCR,50,8/25/2025,8,1807,,12/9/1909,cracked when thawing
,FCR,50,10/27/2025,5,348,,12/9/1908,cracked when thawing
,BVR,50,9/15/2025,3,705,,12/9/1907,cracked when thawing
,FCR,50,9/15/2025,6.2,1392,,12/9/1906,cracked when thawing
,FCR,50,10/13/2025,1.6,169,,12/9/1905,
,FCR,50,9/22/2025,3.8,446,,12/9/1904,
,FCR,50,10/6/2025,9,1391,,12/9/1903,
,FCR,50,9/29/2025,0.1,109,,12/9/1902,
,FCR,50,10/6/2025,0.1,150,,12/9/1901,
,FCR,50,10/13/2025,8,1457,,12/9/1900,
,FCR,50,9/8/2025,9,1410,,12/9/2025,
,FCR,100,10/13/2025,0.1,855,,12/9/2024,
,FCR,50,9/15/2025,1.6,116,,12/9/2025,
,FCR,50,10/6/2025,8,1401,,12/9/2024,
,FCR,50,9/22/2025,1.6,88,,12/9/2025,
,FCR,50,9/22/2025,0.1,80,,12/9/2024,
,FCR,50,9/8/2025,0.1,151,,12/9/2025,
,FCR,100,10/27/2025,0.1,912,,12/9/2024,
,FCR,100,9/22/2025,0.1,944,,12/9/2025,
,FCR,50,9/22/2025,8,1413,,12/9/2024,
,FCR,50,9/8/2025,5,1101,,12/9/2025,
,FCR,50,9/22/2025,9,1309,,12/9/2024,
,FCR,50,9/22/2025,6.2,1298,,12/9/2025,
,BVR,50,9/29/2025,0.1,848,,12/9/2024,
,FCR,50,9/15/2025,3.8,583,,12/9/2025,
,FCR,100,9/15/2025,0.1,934,,12/9/2024,
,FCR,50,10/13/2025,0.1,168,,12/9/2025,
,BVR,50,9/15/2025,0.1,813,,12/9/2024,
,BVR,50,9/29/2025,3,659,,12/9/2025,
,FCR,50,10/6/2025,5,966,,12/9/2024,
,FCR,50,9/29/2025,9,1376,,12/9/2025,
,FCR,50,9/22/2025,5,879,,12/9/2024,
,FCR,50,10/13/2025,3.8,181,,12/9/2025,
,FCR,50,10/6/2025,1.6,142,,12/9/2024,
,FCR,50,10/13/2025,5,389,,12/9/2025,
,FCR,50,10/6/2025,6.2,1350,,12/9/2024,
,FCR,50,9/15/2025,5,1046,,12/9/2025,
,FCR,50,10/20/2025,8,1166,,12/9/2024,
,FCR,50,9/29/2025,3.8,410,,12/9/2025,
,FCR,50,9/8/2025,6.2,1353,,12/9/2024,
,FCR,20,10/13/2025,0.1,294,,12/9/2025,
,FCR,50,10/20/2025,0.1,249,,12/9/2024,
,FCR,50,10/6/2025,3.8,558,,12/9/2025,
,FCR,50,10/13/2025,9,1460,,12/9/2024,
,BVR,50,10/20/2025,6,736,,12/9/2025,
,FCR,50,11/3/2025,5,590,,12/9/2024,
,FCR,50,10/20/2025,1.6,260,,12/9/2025,
,FCR,50,10/27/2025,8,808,,12/9/2024,
,FCR,50,10/20/2025,9,1362,,12/9/2025,
,FCR,50,10/20/2025,3.8,261,,12/9/2024,
,FCR,100,10/6/2025,0.1,806,,12/9/2025,
,FCR,50,9/15/2025,8,1417,,12/9/2024,
,FCR,100,9/29/2025,0.1,890,,12/9/2025,
,FCR,50,9/15/2025,0.1,87,,12/9/2024,
,BVR,50,10/20/2025,3,1502,,12/9/2025,
,BVR,50,10/27/2025,0.1,1061,,12/9/2024,
,FCR,200,10/20/2025,0.1,694,,12/9/2025,
,BVR,50,10/27/2025,6,1534,,12/9/2024,
,BVR,50,9/15/2025,6,1029,,12/9/2025,
,BVR,50,9/15/2025,5,255,,12/9/2024,
,BVR,50,9/29/2025,6,164,,12/9/2025,
,FCR,50,9/29/2025,1.6,84,,12/9/2024,
,BVR,50,9/29/2025,5,338,,12/9/2025,
,BVR,50,8/18/2025,3,959,,12/9/2024,rerun from 12/11
